# A POS tag dictionary that's used as an addition (or as a fix) to catalan.dict
# These words are candidates to be added (or fixed) in catalan.dict in the future
# File Encoding: UTF-8
# Format: fullform baseform postags (tab separated)
########## Dictionary fixes ##########
########## Additions ##########
Abacuc	Abacuc	NPMSSP0
Abdal·là	Abdal·là	NPMSSP0
Abdelasís	Abdelasís	NPMSSP0
Abdenagó	Abdenagó	NPMSSP0
Abderraman	Abderraman	NPMSSP0
Abdul	Abdul	NPMSSP0
Abdó	Abdó	NPMSSP0
Abelarda	Abelarda	NPFSSP0
Abenàmar	Abenàmar	NPMSSP0
Abiatar	Abiatar	NPMSSP0
Abigaïl	Abigaïl	NPFSSP0
Abilé	Abilé	NPMSSP0
Absalom	Absalom	NPMSSP0
Abília	Abília	NPFSSP0
Abúndia	Abúndia	NPFSSP0
Acard	Acard	NPMSSP0
Acaç	Acaç	NPMSSP0
Acest	Acest	NPMSSP0
Aciscla	Aciscla	NPFSSP0
Acteó	Acteó	NPMSSP0
Acursi	Acursi	NPMSSP0
Acàcia	Acàcia	NPFSSP0
Adaia	Adaia	NPFSSP0
Adalberta	Adalberta	NPFSSP0
Adaucta	Adaucta	NPFSSP0
Adelarda	Adelarda	NPFSSP0
Adelfa	Adelfa	NPFSSP0
Adelind	Adelind	NPMSSP0
Adelinda	Adelinda	NPFSSP0
Adeodata	Adeodata	NPFSSP0
Adina	Adina	NPFSSP0
Adjutòria	Adjutòria	NPFSSP0
Adlerta	Adlerta	NPFSSP0
Adolfa	Adolfa	NPFSSP0
Adolfina	Adolfina	NPFSSP0
Adolfí	Adolfí	NPMSSP0
Adonai	Adonai	NPMSSP0
Adonaïs	Adonaïs	NPMSSP0
Adonis	Adonis	NPMSSP0
Adoració	Adoració	NPFSSP0
Adorn	Adorn	NPMSSP0
Adventor	Adventor	NPMSSP0
Adàlia	Adàlia	NPFSSP0
Adèlia	Adèlia	NPFSSP0
Adí	Adí	NPMSSP0
Afre	Afre	NPMSSP0
Agapita	Agapita	NPFSSP0
Agatàngel	Agatàngel	NPMSSP0
Agatàngela	Agatàngela	NPFSSP0
Agave	Agave	NPFSSP0
Agelau	Agelau	NPMSSP0
Agesilau	Agesilau	NPMSSP0
Agia	Agia	NPFSSP0
Aglae	Aglae	NPFSSP0
Aglaia	Aglaia	NPFSSP0
Agna	Agna	NPFSSP0
Ahmet	Ahmet	NPMSSP0
Aicarda	Aicarda	NPFSSP0
Aimara	Aimara	NPFSSP0
Aimelina	Aimelina	NPFSSP0
Ainès	Ainès	NPFSSP0
Ainés	Ainès	NPFSSP0
Aitó	Aitó	NPMSSP0
Aixa	Aixa	NPFSSP0
Aixel	Aixel	NPMSSP0
Alabald	Alabald	NPMSSP0
Aladina	Aladina	NPFSSP0
Alais	Alais	NPFSSP0
Alamanda	Alamanda	NPFSSP0
Alan	Alan	NPMSSP0
Alana	Alana	NPFSSP0
Alarica	Alarica	NPFSSP0
Alberica	Alberica	NPFSSP0
Alcestes	Alcestes	NPMSSP0
Alcides	Alcides	NPMSSP0
Aldeta	Aldeta	NPFSSP0
Aldonça	Aldonça	NPFSSP0
Aleixa	Aleixa	NPFSSP0
Aleixandra	Aleixandra	NPFSSP0
Alexandrina	Alexandrina	NPFSSP0
Alexandrí	Alexandrí	NPMSSP0
Alexis	Alexis	NPMSSP0
Alfonsa	Alfonsa	NPFSSP0
Alidó	Alidó	NPMSSP0
Alina	Alina	NPFSSP0
Almudena	Almudena	NPFSSP0
Aloma	Aloma	NPFSSP0
Al·lodi	Al·lodi	NPMSSP0
Al·lòdia	Al·lòdia	NPFSSP0
Alèxia	Alèxia	NPFSSP0
Alípia	Alípia	NPFSSP0
Amable	Amable	NPCSSP0
Amada	Amada	NPFSSP0
Amadea	Amadea	NPFSSP0
Amadís	Amadís	NPMSSP0
Amai	Amai	NPMSSP0
Amaia	Amaia	NPFSSP0
Amalaric	Amalaric	NPMSSP0
Amalarica	Amalarica	NPFSSP0
Amali	Amali	NPMSSP0
Amalrica	Amalrica	NPFSSP0
Amara	Amara	NPFSSP0
Amazona	Amazona	NPFSSP0
Ambrosi	Ambrosi	NPMSSP0
Ambrosiana	Ambrosiana	NPFSSP0
Ambrosià	Ambrosià	NPMSSP0
Ambròsia	Ambròsia	NPFSSP0
Amina	Amina	NPFSSP0
Aminta	Aminta	NPMSSP0
Amir	Amir	NPMSSP0
Amira	Amira	NPFSSP0
Amit	Amit	NPMSSP0
Amita	Amita	NPFSSP0
Ammó	Ammó	NPMSSP0
Amància	Amància	NPFSSP0
Amèric	Amèric	NPMSSP0
Amín	Amín	NPMSSP0
Anacleta	Anacleta	NPFSSP0
Andreua	Andreua	NPFSSP0
Andreva	Andreva	NPFSSP0
Andriol	Andriol	NPMSSP0
Andriola	Andriola	NPFSSP0
Andròmac	Andròmac	NPMSSP0
Andròmaca	Andròmaca	NPFSSP0
Andrònica	Andrònica	NPFSSP0
Angelí	Angelí	NPMSSP0
Angèlic	Angèlic	NPMSSP0
Angèlica	Angèlica	NPFSSP0
Aniceta	Aniceta	NPFSSP0
Annabel	Annabel	NPFSSP0
Annabel·la	Annabel·la	NPFSSP0
Annanies	Annanies	NPMSSP0
Annàs	Annàs	NPMSSP0
Ansald	Ansald	NPMSSP0
Anscària	Anscària	NPFSSP0
Anselma	Anselma	NPFSSP0
Antelma	Antelma	NPFSSP0
Antenor	Antenor	NPMSSP0
Antipes	Antipes	NPMSSP0
Antolina	Antolina	NPFSSP0
Antona	Antona	NPFSSP0
Antífanes	Antífanes	NPMSSP0
Anunciació	Anunciació	NPFSSP0
Aparícia	Aparícia	NPFSSP0
Api	Api	NPMSSP0
Apollo	Apollo	NPCNO00
Apol·linara	Apol·linara	NPFSSP0
Apol·linari	Apol·linari	NPMSSP0
Apol·linària	Apol·linària	NPFSSP0
Apol·lo	Apol·lo	NPMSSP0
Apol·loni	Apol·loni	NPMSSP0
Apol·ló	Apol·ló	NPMSSP0
Aqueu	Aqueu	NPMSSP0
Aquil·lina	Aquil·lina	NPFSSP0
Aquil·lí	Aquil·lí	NPMSSP0
Arabel·la	Arabel·la	NPFSSP0
Aranxa	Aranxa	NPFSSP0
Arcàngel	Arcàngel	NPMSSP0
Arcàngela	Arcàngela	NPFSSP0
Ardebald	Ardebald	NPMSSP0
Aretes	Aretes	NPMSSP0
Aretusa	Aretusa	NPFSSP0
Areüsa	Areüsa	NPFSSP0
Argantoni	Argantoni	NPMSSP0
Argemira	Argemira	NPFSSP0
Argemí	Argemí	NPMSSP0
Argimira	Argimira	NPFSSP0
Ari	Ari	NPMSSP0
Aristobul	Aristobul	NPMSSP0
Arià	Arià	NPMSSP0
Armanda	Armanda	NPFSSP0
Armeni	Armeni	NPMSSP0
Arminda	Arminda	NPFSSP0
Armini	Armini	NPMSSP0
Armogast	Armogast	NPMSSP0
Armínia	Armínia	NPFSSP0
Arnalda	Arnalda	NPFSSP0
Aroha	Aroha	NPFSSP0
Arquimbald	Arquimbald	NPMSSP0
Arquimbau	Arquimbau	NPMSSP0
Arquip	Arquip	NPMSSP0
Arsènia	Arsènia	NPFSSP0
Artald	Artald	NPMSSP0
Artau	Artau	NPMSSP0
Artura	Artura	NPFSSP0
Artusa	Artusa	NPFSSP0
Artèmia	Artèmia	NPFSSP0
Aràntzazu	Aràntzazu	NPFSSP0
Asbert	Asbert	NPMSSP0
Ascensi	Ascensi	NPMSSP0
Asincrit	Asincrit	NPMSSP0
Asmet	Asmet	NPMSSP0
Assan	Assan	NPMSSP0
Assenci	Assenci	NPMSSP0
Assenç	Assenç	NPMSSP0
Assutzena	Assutzena	NPFSSP0
Astald	Astald	NPMSSP0
Astasi	Astasi	NPMSSP0
Astorina	Astorina	NPFSSP0
Astrid	Astrid	NPFSSP0
Astàsia	Astàsia	NPFSSP0
Astèria	Astèria	NPFSSP0
Astíanax	Astíanax	NPMSSP0
Atilana	Atilana	NPFSSP0
Atotxa	Atotxa	NPFSSP0
Ató	Ató	NPMSSP0
Audàcia	Audàcia	NPFSSP0
Aura	Aura	NPFSSP0
Aure	Aure	NPMSSP0
Aureliana	Aureliana	NPFSSP0
Ausies	Ausies	NPMSSP0
Auxili	Auxili	NPCSSP0
Auxència	Auxència	NPFSSP0
Aïda	Aïda	NPFSSP0
Baetà	Baetà	NPMSSP0
Baiard	Baiard	NPMSSP0
Baldesca	Baldesca	NPFSSP0
Baldomera	Baldomera	NPFSSP0
Baldovina	Baldovina	NPFSSP0
Balduïna	Balduïna	NPFSSP0
Baldí	Baldí	NPMSSP0
Balma	Balma	NPFSSP0
Baltasara	Baltasara	NPFSSP0
Barac	Barac	NPMSSP0
Barald	Barald	NPMSSP0
Baraquies	Baraquies	NPMSSP0
Barrabàs	Barrabàs	NPMSSP0
Barsimeu	Barsimeu	NPMSSP0
Bartimeu	Bartimeu	NPMSSP0
Bartolina	Bartolina	NPFSSP0
Bartomeua	Bartomeua	NPFSSP0
Bartomeva	Bartomeva	NPFSSP0
Bartuald	Bartuald	NPMSSP0
Basilisc	Basilisc	NPMSSP0
Basilisca	Basilisca	NPFSSP0
Basilís	Basilís	NPMSSP0
Bastiana	Bastiana	NPFSSP0
Basília	Basília	NPFSSP0
Begònia	Begònia	NPFSSP0
Belina	Belina	NPFSSP0
Belinda	Belinda	NPFSSP0
Bel·lerofontes	Bel·lerofontes	NPMSSP0
Benedicte	Benedicte	NPMSSP0
Benigna	Benigna	NPFSSP0
Benilde	Benilde	NPFSSP0
Benjamina	Benjamina	NPFSSP0
Bereniç	Bereniç	NPFSSP0
Berlandina	Berlandina	NPFSSP0
Berlandí	Berlandí	NPMSSP0
Bermut	Bermut	NPMSSP0
Bernabeu	Bernabeu	NPMSSP0
Bernald	Bernald	NPMSSP0
Bernalda	Bernalda	NPFSSP0
Bernardeta	Bernardeta	NPFSSP0
Bernardina	Bernardina	NPFSSP0
Bernardí	Bernardí	NPMSSP0
Bernau	Bernau	NPMSSP0
Bertuald	Bertuald	NPMSSP0
Bibià	Bibià	NPMSSP0
Biblis	Biblis	NPFSSP0
Blancaflor	Blancaflor	NPFSSP0
Blandí	Blandí	NPMSSP0
Blaquerna	Blaquerna	NPMSSP0
Blasi	Blasi	NPMSSP0
Blàsia	Blàsia	NPFSSP0
Bodina	Bodina	NPFSSP0
Bonafilla	Bonafilla	NPFSSP0
Bonamiga	Bonamiga	NPFSSP0
Bonifàcia	Bonifàcia	NPFSSP0
Brenda	Brenda	NPFSSP0
Brianda	Brianda	NPFSSP0
Brici	Brici	NPMSSP0
Briseida	Briseida	NPFSSP0
Brunilda	Brunilda	NPFSSP0
Brunissenda	Brunissenda	NPFSSP0
Brut	Brut	NPMSSP0
Bràulia	Bràulia	NPFSSP0
Buda	Buda	NPMSSP0
Cabir	Cabir	NPMSSP0
Cabíria	Cabíria	NPFSSP0
Cadme	Cadme	NPMSSP0
Caia	Caia	NPFSSP0
Calamanda	Calamanda	NPFSSP0
Calderona	Calderona	NPFSSP0
Caldesa	Caldesa	NPFSSP0
Caled	Caled	NPMSSP0
Calipse	Calipse	NPMSSP0
Calipso	Calipso	NPFSSP0
Calistres	Calistres	NPMSSP0
Calixta	Calixta	NPFSSP0
Calpurni	Calpurni	NPMSSP0
Calpúrnia	Calpúrnia	NPFSSP0
Cal·limer	Cal·limer	NPMSSP0
Cal·limera	Cal·limera	NPFSSP0
Cal·lídia	Cal·lídia	NPFSSP0
Cal·límac	Cal·límac	NPMSSP0
Camila	Camila	NPFSSP0
Camèlia	Camèlia	NPFSSP0
Canatre	Canatre	NPMSSP0
Caralampi	Caralampi	NPMSSP0
Caralàmpia	Caralàmpia	NPFSSP0
Carim	Carim	NPMSSP0
Carima	Carima	NPFSSP0
Carlets	Carlets	NPMSSP0
Carmel	Carmel	NPMSG00
Carmel	Carmel	NPMSSP0
Carmela	Carmela	NPFSSP0
Carmesina	Carmesina	NPFSSP0
Carmina	Carmina	NPFSSP0
Carol	Carol	NPMSSP0
Carola	Carola	NPFSSP0
Carolí	Carolí	NPMSSP0
Casild	Casild	NPMSSP0
Casimira	Casimira	NPFSSP0
Cassandre	Cassandre	NPMSSP0
Cassiana	Cassiana	NPFSSP0
Casta	Casta	NPFSSP0
Castora	Castora	NPFSSP0
Castàlia	Castàlia	NPFSSP0
Caterí	Caterí	NPMSSP0
Catul	Catul	NPMSSP0
Cató	Cató	NPMSSP0
Cebriana	Cebriana	NPFSSP0
Ceferina	Ceferina	NPFSSP0
Celedònia	Celedònia	NPFSSP0
Celestina	Celestina	NPFSSP0
Celidoni	Celidoni	NPMSSP0
Celidònia	Celidònia	NPFSSP0
Celònia	Celònia	NPFSSP0
Cenobi	Cenobi	NPMSSP0
Centa	Centa	NPFSSP0
Cenòbia	Cenòbia	NPFSSP0
Cesarió	Cesarió	NPMSSP0
Cesi	Cesi	NPMSSP0
Cesària	Cesària	NPFSSP0
Cipriana	Cipriana	NPFSSP0
Ciprià	Ciprià	NPMSSP0
Cir	Cir	NPMSSP0
Cireneu	Cireneu	NPMSSP0
Cirici	Cirici	NPMSSP0
Ciril·li	Ciril·li	NPMSSP0
Cirà	Cirà	NPMSSP0
Clarissa	Clarissa	NPFSSP0
Clarís	Clarís	NPMSSP0
Claudina	Claudina	NPFSSP0
Claudí	Claudí	NPMSSP0
Cleandre	Cleandre	NPMSSP0
Clemenci	Clemenci	NPMSSP0
Clement	Clement	NPMSSP0
Clementa	Clementa	NPFSSP0
Clementina	Clementina	NPFSSP0
Clementí	Clementí	NPMSSP0
Clemença	Clemença	NPFSSP0
Clemència	Clemència	NPFSSP0
Cleo	Cleo	NPFSSP0
Clio	Clio	NPFSSP0
Clodomir	Clodomir	NPMSSP0
Clodomira	Clodomira	NPFSSP0
Clodoveu	Clodoveu	NPMSSP0
Clodovica	Clodovica	NPFSSP0
Cloe	Cloe	NPFSSP0
Clorinda	Clorinda	NPFSSP0
Cloris	Cloris	NPFSSP0
Colaua	Colaua	NPFSSP0
Colombina	Colombina	NPFSSP0
Conrada	Conrada	NPFSSP0
Constanci	Constanci	NPMSSP0
Constància	Constància	NPFSSP0
Conxa	Conxa	NPFSSP0
Copèl·lia	Copèl·lia	NPFSSP0
Cora	Cora	NPFSSP0
Cordèlia	Cordèlia	NPFSSP0
Corina	Corina	NPFSSP0
Corneliana	Corneliana	NPFSSP0
Cornelià	Cornelià	NPMSSP0
Corpus	Corpus	NPCSSP0
Cova-santa	Cova-santa	NPFSSP0
Creont	Creont	NPMSSP0
Creüsa	Creüsa	NPFSSP0
Crinis	Crinis	NPFSSP0
Crisanta	Crisanta	NPFSSP0
Crispa	Crispa	NPFSSP0
Crispiana	Crispiana	NPFSSP0
Crispina	Crispina	NPFSSP0
Crispiniana	Crispiniana	NPFSSP0
Crispinià	Crispinià	NPMSSP0
Crispià	Crispià	NPMSSP0
Crist	Crist	NPMSSP0
Crista	Crista	NPFSSP0
Cristiana	Cristiana	NPFSSP0
Cristí	Cristí	NPMSSP0
Cristòfola	Cristòfola	NPFSSP0
Cristòfora	Cristòfora	NPFSSP0
Crisòfor	Crisòfor	NPMSSP0
Crisòfora	Crisòfora	NPFSSP0
Crisògona	Crisògona	NPFSSP0
Crisòstoma	Crisòstoma	NPFSSP0
Críspula	Críspula	NPFSSP0
Cupido	Cupido	NPMSSP0
Curci	Curci	NPMSSP0
Curial	Curial	NPMSSP0
Custodi	Custodi	NPMSSP0
Custòdia	Custòdia	NPFSSP0
Càmar	Càmar	NPMSSP0
Càssia	Càssia	NPFSSP0
Càssius	Càssius	NPMSSP0
Càtia	Càtia	NPFSSP0
Cèfal	Cèfal	NPMSSP0
Cèsia	Cèsia	NPFSSP0
Cíbele	Cíbele	NPFSSP0
Cília	Cília	NPFSSP0
Cíntia	Cíntia	NPFSSP0
Còrdul	Còrdul	NPMSSP0
Còssima	Còssima	NPFSSP0
Cúrcia	Cúrcia	NPFSSP0
Daciana	Daciana	NPFSSP0
Dafnis	Dafnis	NPFSSP0
Dagoberta	Dagoberta	NPFSSP0
Dalmaci	Dalmaci	NPMSSP0
Damiana	Damiana	NPFSSP0
Dan	Dan	NPMSSP0
Dana	Dana	NPFSSP0
Dari	Dari	NPMSSP0
Daria	Daria	NPFSSP0
Davídia	Davídia	NPFSSP0
Davínia	Davínia	NPFSSP0
Deci	Deci	NPMSSP0
Deianira	Deianira	NPFSSP0
Deli	Deli	NPMSSP0
Delmir	Delmir	NPMSSP0
Delmira	Delmira	NPFSSP0
Demofont	Demofont	NPMSSP0
Denisa	Denisa	NPFSSP0
Denís	Denís	NPMSSP0
Deodata	Deodata	NPFSSP0
Desidèria	Desidèria	NPFSSP0
Deífile	Deífile	NPFSSP0
Diamantí	Diamantí	NPMSSP0
Diega	Diega	NPFSSP0
Digne	Digne	NPMSSP0
Dina	Dina	NPFSSP0
Dionisa	Dionisa	NPFSSP0
Dionisi	Dionisi	NPMSSP0
Divina	Divina	NPFSSP0
Dominga	Dominga	NPFSSP0
Domitil·la	Domitil·la	NPFSSP0
Donisa	Donisa	NPFSSP0
Doris	Doris	NPFSSP0
Doro	Doro	NPMSSP0
Dorques	Dorques	NPMSSP0
Dotesi	Dotesi	NPMSSP0
Drusiana	Drusiana	NPFSSP0
Dàlia	Dàlia	NPFSSP0
Dàlmata	Dàlmata	NPMSSP0
Dàmasa	Dàmasa	NPFSSP0
Dàsius	Dàsius	NPMSSP0
Dècim	Dècim	NPMSSP0
Dèdal	Dèdal	NPMSSP0
Dídaca	Dídaca	NPFSSP0
Dúnia	Dúnia	NPFSSP0
Edda	Edda	NPFSSP0
Edelbert	Edelbert	NPMSSP0
Edelberta	Edelberta	NPFSSP0
Edelmir	Edelmir	NPMSSP0
Edmon	Edmon	NPMSSP0
Edmunda	Edmunda	NPFSSP0
Edna	Edna	NPFSSP0
Eduarda	Eduarda	NPFSSP0
Edèsia	Edèsia	NPFSSP0
Efèsia	Efèsia	NPFSSP0
Egidià	Egidià	NPMSSP0
Egmidi	Egmidi	NPMSSP0
Egídia	Egídia	NPFSSP0
Eimerica	Eimerica	NPFSSP0
Eiximena	Eiximena	NPFSSP0
Eiximèn	Eiximèn	NPMSSP0
Eiximén	Eiximèn	NPMSSP0
Eleatzar	Eleatzar	NPCSSP0
Eleucadi	Eleucadi	NPMSSP0
Eleucàdia	Eleucàdia	NPFSSP0
Eleutèria	Eleutèria	NPFSSP0
Eleàtzar	Eleàtzar	NPCSSP0
Elf	Elf	NPMSSP0
Elfa	Elfa	NPFSSP0
Elga	Elga	NPFSSP0
Eli	Eli	NPMSSP0
Elia	Elia	NPFSSP0
Eliodor	Eliodor	NPMSSP0
Elionora	Elionora	NPFSSP0
Elisard	Elisard	NPMSSP0
Elisea	Elisea	NPFSSP0
Elisi	Elisi	NPMSSP0
Elià	Elià	NPMSSP0
Elma	Elma	NPFSSP0
Elodi	Elodi	NPMSSP0
Eloí	Eloí	NPMSSP0
Eloïna	Eloïna	NPFSSP0
Elpídia	Elpídia	NPFSSP0
Elví	Elví	NPMSSP0
El·ladi	El·ladi	NPMSSP0
El·lidús	El·lidús	NPMSSP0
El·lodi	El·lodi	NPMSSP0
El·làdia	El·làdia	NPFSSP0
El·lòdia	El·lòdia	NPFSSP0
Elàdia	Elàdia	NPFSSP0
Elí	Elí	NPMSSP0
Elòdia	Elòdia	NPFSSP0
Emaús	Emaús	NPMSSP0
Emelina	Emelina	NPFSSP0
Emer	Emer	NPMSSP0
Emerencià	Emerencià	NPMSSP0
Emeri	Emeri	NPMSSP0
Emetèria	Emetèria	NPFSSP0
Emigdi	Emigdi	NPMSSP0
Emiliana	Emiliana	NPFSSP0
Emir	Emir	NPMSSP0
Emira	Emira	NPFSSP0
Emmanuela	Emmanuela	NPFSSP0
Emèlia	Emèlia	NPFSSP0
Emèria	Emèria	NPFSSP0
Emèrit	Emèrit	NPMSSP0
Emèrita	Emèrita	NPFSSP0
Emígdia	Emígdia	NPFSSP0
Encarna	Encarna	NPFSSP0
Eneldina	Eneldina	NPFSSP0
Engilbert	Engilbert	NPMSSP0
Englantina	Englantina	NPFSSP0
Engraci	Engraci	NPMSSP0
Enone	Enone	NPFSSP0
Epicari	Epicari	NPMSSP0
Epuló	Epuló	NPMSSP0
Eracli	Eracli	NPMSSP0
Erand	Erand	NPMSSP0
Erasma	Erasma	NPFSSP0
Erast	Erast	NPMSSP0
Eratòstenes	Eratòstenes	NPMSSP0
Erbert	Erbert	NPMSSP0
Erci	Erci	NPMSSP0
Erecteu	Erecteu	NPMSSP0
Eribert	Eribert	NPMSSP0
Ermelinda	Ermelinda	NPFSSP0
Ermenegild	Ermenegild	NPMSSP0
Ermenegilda	Ermenegilda	NPFSSP0
Ermessend	Ermessend	NPMSSP0
Ermessind	Ermessind	NPMSSP0
Ermessinda	Ermessinda	NPFSSP0
Ermigi	Ermigi	NPMSSP0
Ermind	Ermind	NPMSSP0
Erminda	Erminda	NPFSSP0
Ernesta	Ernesta	NPFSSP0
Ernestí	Ernestí	NPMSSP0
Ervigi	Ervigi	NPMSSP0
Eràsmia	Eràsmia	NPFSSP0
Escarlata	Escarlata	NPFSSP0
Escartí	Escartí	NPMSSP0
Esclaramund	Esclaramund	NPMSSP0
Esclaramunda	Esclaramunda	NPFSSP0
Esclarmond	Esclarmond	NPMSSP0
Esclarmonda	Esclarmonda	NPFSSP0
Escolàstic	Escolàstic	NPMSSP0
Esmaragda	Esmaragda	NPFSSP0
Esmerana	Esmerana	NPFSSP0
Esop	Esop	NPMSSP0
Esperandéu	Esperandéu	NPMSSP0
Esperat	Esperat	NPMSSP0
Estaci	Estaci	NPMSSP0
Estanislava	Estanislava	NPFSSP0
Estel·la	Estel·la	NPFSSP0
Estrela	Estrela	NPFSSP0
Estàcia	Estàcia	NPFSSP0
Estèfanes	Estèfanes	NPMSSP0
Estíbalis	Estíbalis	NPFSSP0
Esvetlana	Esvetlana	NPFSSP0
Etelvina	Etelvina	NPFSSP0
Etelví	Etelví	NPMSSP0
Ethel	Ethel	NPFSSP0
Eucadi	Eucadi	NPMSSP0
Eudalda	Eudalda	NPFSSP0
Eudoxi	Eudoxi	NPMSSP0
Euduvigis	Euduvigis	NPFSSP0
Eufebi	Eufebi	NPMSSP0
Eufemi	Eufemi	NPMSSP0
Eufemiana	Eufemiana	NPFSSP0
Eufemià	Eufemià	NPMSSP0
Eufrasina	Eufrasina	NPFSSP0
Eulali	Eulali	NPMSSP0
Eulògia	Eulògia	NPFSSP0
Eunice	Eunice	NPFSSP0
Euric	Euric	NPMSSP0
Eurica	Eurica	NPFSSP0
Euristeu	Euristeu	NPMSSP0
Euristeua	Euristeua	NPFSSP0
Euristeva	Euristeva	NPFSSP0
Eurosi	Eurosi	NPMSSP0
Euròsia	Euròsia	NPFSSP0
Eustòquia	Eustòquia	NPFSSP0
Evald	Evald	NPMSSP0
Evangelina	Evangelina	NPFSSP0
Evangelista	Evangelista	NPMSSP0
Evarista	Evarista	NPFSSP0
Evast	Evast	NPMSSP0
Eveli	Eveli	NPMSSP0
Evelí	Evelí	NPMSSP0
Evèlia	Evèlia	NPFSSP0
Evòdia	Evòdia	NPFSSP0
Exaltació	Exaltació	NPFSSP0
Expectació	Expectació	NPFSSP0
Fabiana	Fabiana	NPFSSP0
Fabrícia	Fabrícia	NPFSSP0
Facunda	Facunda	NPFSSP0
Fadrica	Fadrica	NPFSSP0
Faina	Faina	NPFSSP0
Falquet	Falquet	NPMSSP0
Faraig	Faraig	NPMSSP0
Farid	Farid	NPMSSP0
Faustiniana	Faustiniana	NPFSSP0
Faustinià	Faustinià	NPMSSP0
Fedre	Fedre	NPMSSP0
Felici	Felici	NPMSSP0
Feliciana	Feliciana	NPFSSP0
Felicitat	Felicitat	NPFSSP0
Felicíssima	Felicíssima	NPFSSP0
Feliua	Feliua	NPFSSP0
Fermina	Fermina	NPFSSP0
Ferranda	Ferranda	NPFSSP0
Fidela	Fidela	NPFSSP0
Fidèlia	Fidèlia	NPFSSP0
Filemona	Filemona	NPFSSP0
Filiberta	Filiberta	NPFSSP0
Filip	Filip	NPMSSP0
Filipa	Filipa	NPFSSP0
Filipina	Filipina	NPFSSP0
Filipí	Filipí	NPMSSP0
Fil·lis	Fil·lis	NPFSSP0
Fiona	Fiona	NPFSSP0
Flaviana	Flaviana	NPFSSP0
Floreal	Floreal	NPMSSP0
Florenç	Florenç	NPMSSP0
Floriana	Floriana	NPFSSP0
Florus	Florus	NPMSSP0
Flèrida	Flèrida	NPFSSP0
Fontsanta	Fontsanta	NPFSSP0
Fratern	Fratern	NPMSSP0
Fraterna	Fraterna	NPFSSP0
Fresina	Fresina	NPFSSP0
Friné	Friné	NPFSSP0
Frontí	Frontí	NPMSSP0
Fruitosa	Fruitosa	NPFSSP0
Frumència	Frumència	NPFSSP0
Frèsia	Frèsia	NPFSSP0
Fulgència	Fulgència	NPFSSP0
Fulvi	Fulvi	NPMSSP0
Fúlvia	Fúlvia	NPFSSP0
Gabina	Gabina	NPFSSP0
Gaetana	Gaetana	NPFSSP0
Gaius	Gaius	NPMSSP0
Galaci	Galaci	NPMSSP0
Galatea	Galatea	NPFSSP0
Galba	Galba	NPMSSP0
Galcerà	Galcerà	NPMSSP0
Galena	Galena	NPFSSP0
Galeri	Galeri	NPMSSP0
Galter	Galter	NPMSSP0
Gal·leàs	Gal·leàs	NPMSSP0
Galé	Galè	NPMSSP0
Gandulfa	Gandulfa	NPFSSP0
Garcerà	Garcerà	NPMSSP0
Gardènia	Gardènia	NPFSSP0
Gaspara	Gaspara	NPFSSP0
Gauderic	Gauderic	NPMSSP0
Gauderica	Gauderica	NPFSSP0
Gaudina	Gaudina	NPFSSP0
Gaudiosa	Gaudiosa	NPFSSP0
Gauteri	Gauteri	NPMSSP0
Gautèria	Gautèria	NPFSSP0
Gavina	Gavina	NPFSSP0
Gaví	Gaví	NPMSSP0
Gelaberta	Gelaberta	NPFSSP0
Gelàsia	Gelàsia	NPFSSP0
Genari	Genari	NPMSSP0
Gener	Gener	NPMSSP0
Genisa	Genisa	NPFSSP0
Genoveu	Genoveu	NPMSSP0
Genària	Genària	NPFSSP0
GeoGebra	GeoGebra	NPMSO00
Georgi	Georgi	NPMSSP0
Gerald	Gerald	NPMSSP0
Geralda	Geralda	NPFSSP0
Gerarda	Gerarda	NPFSSP0
Gerinald	Gerinald	NPMSSP0
Germiniana	Germiniana	NPFSSP0
Germinià	Germinià	NPMSSP0
Geroni	Geroni	NPMSSP0
Gervàs	Gervàs	NPMSSP0
Gervàsia	Gervàsia	NPFSSP0
Gerònima	Gerònima	NPFSSP0
Getúlia	Getúlia	NPFSSP0
Gilabert	Gilabert	NPMSSP0
Gilaberta	Gilaberta	NPFSSP0
Gilberta	Gilberta	NPFSSP0
Gilda	Gilda	NPFSSP0
Ginebró	Ginebró	NPMSSP0
Gino	Gino	NPMSSP0
Girbal	Girbal	NPMSSP0
Girbau	Girbau	NPMSSP0
Gisberta	Gisberta	NPFSSP0
Giselda	Giselda	NPFSSP0
Gladis	Gladis	NPFSSP0
Glauc	Glauc	NPMSSP0
Glauca	Glauca	NPFSSP0
Glenda	Glenda	NPFSSP0
Glicèria	Glicèria	NPFSSP0
Godald	Godald	NPMSSP0
Godard	Godard	NPMSSP0
Godofreda	Godofreda	NPFSSP0
Goliat	Goliat	NPMSSP0
Gombald	Gombald	NPMSSP0
Gombard	Gombard	NPMSSP0
Goreti	Goreti	NPFSSP0
Gori	Gori	NPMSSP0
Graciana	Graciana	NPFSSP0
Graciel·la	Graciel·la	NPFSSP0
Graciliana	Graciliana	NPFSSP0
Gregòria	Gregòria	NPFSSP0
Greta	Greta	NPFSSP0
Grimald	Grimald	NPMSSP0
Grimalda	Grimalda	NPFSSP0
Grimau	Grimau	NPMSSP0
Grisolda	Grisolda	NPFSSP0
Gualteri	Gualteri	NPMSSP0
Guerald	Guerald	NPMSSP0
Gueralda	Gueralda	NPFSSP0
Gueraua	Gueraua	NPFSSP0
Guifré	Guifré	NPMSSP0
Guillema	Guillema	NPFSSP0
Guillemona	Guillemona	NPFSSP0
Guillermina	Guillermina	NPFSSP0
Guillermí	Guillermí	NPMSSP0
Guiomar	Guiomar	NPFSSP0
Guitarda	Guitarda	NPFSSP0
Guiua	Guiua	NPFSSP0
Gumersinda	Gumersinda	NPFSSP0
Guomindang	Guomindang	NPMSO00
Gusman	Gusman	NPMSSP0
Gusmà	Gusmà	NPMSSP0
Guàlter	Guàlter	NPMSSP0
Güelfa	Güelfa	NPFSSP0
HTTP	HTTP	NCMN000
HTTPS	HTTPS	NCMN000
Hagar	Hagar	NPFSSP0
Halef	Halef	NPMSSP0
Hamílcar	Hamílcar	NPMSSP0
Hassan	Hassan	NPMSSP0
Heidi	Heidi	NPFSSP0
Heladi	Heladi	NPMSSP0
Heleni	Heleni	NPMSSP0
Helga	Helga	NPFSSP0
Heli	Heli	NPMSSP0
Heliodora	Heliodora	NPFSSP0
Helodi	Helodi	NPMSSP0
Heloïsa	Heloïsa	NPFSSP0
Hel·ladi	Hel·ladi	NPMSSP0
Hel·lodi	Hel·lodi	NPMSSP0
Hel·làdia	Hel·làdia	NPFSSP0
Hel·lòdia	Hel·lòdia	NPFSSP0
Helàdia	Helàdia	NPFSSP0
Helí	Helí	NPMSSP0
Helòdia	Helòdia	NPFSSP0
Heraclea	Heraclea	NPFSSP0
Herbert	Herbert	NPMSSP0
Herberta	Herberta	NPFSSP0
Heriberta	Heriberta	NPFSSP0
Hermenegilda	Hermenegilda	NPFSSP0
Hermessend	Hermessend	NPMSSP0
Hermessenda	Hermessenda	NPFSSP0
Hermessind	Hermessind	NPMSSP0
Hermessinda	Hermessinda	NPFSSP0
Hermind	Hermind	NPMSSP0
Herminda	Herminda	NPFSSP0
Herodies	Herodies	NPFSSP0
Heros	Heros	NPMSSP0
Herté	Herté	NPMSSP0
Heràclia	Heràclia	NPFSSP0
Hespèria	Hespèria	NPFSSP0
Higínia	Higínia	NPFSSP0
Hilbert	Hilbert	NPMSSP0
Himeneu	Himeneu	NPMSSP0
Hipòlita	Hipòlita	NPFSSP0
Hiram	Hiram	NPMSSP0
Holofernes	Holofernes	NPMSSP0
Honòria	Honòria	NPFSSP0
Horàcia	Horàcia	NPFSSP0
Huga	Huga	NPFSSP0
Hugolina	Hugolina	NPFSSP0
Hugolí	Hugolí	NPMSSP0
Hulf	Hulf	NPMSSP0
Humberta	Humberta	NPFSSP0
Humbertina	Humbertina	NPFSSP0
Humbertí	Humbertí	NPMSSP0
Humfred	Humfred	NPMSSP0
Humil	Humil	NPMSSP0
Humilitat	Humilitat	NPFSSP0
Humilià	Humilià	NPMSSP0
Hàsdrubal	Hàsdrubal	NPMSSP0
Iago	Iago	NPMSSP0
Iaiza	Iaiza	NPFSSP0
Iasmina	Iasmina	NPFSSP0
Idàlia	Idàlia	NPFSSP0
Ierai	Ierai	NPMSSP0
Ifigeni	Ifigeni	NPMSSP0
Ilda	Ilda	NPFSSP0
Ildefonsa	Ildefonsa	NPFSSP0
Il·luminada	Il·luminada	NPFSSP0
Imanol	Imanol	NPMSSP0
Indalècia	Indalècia	NPFSSP0
Indíbil	Indíbil	NPMSSP0
Innocent	Innocent	NPCSSP0
Innocència	Innocència	NPFSSP0
Iocasta	Iocasta	NPFSSP0
Iolant	Iolant	NPFSSP0
Iraida	Iraida	NPFSSP0
Iridi	Iridi	NPMSSP0
Irma	Irma	NPFSSP0
Irmina	Irmina	NPFSSP0
Isabel·la	Isabel·la	NPFSSP0
Isadora	Isadora	NPFSSP0
Iseu	Iseu	NPMSSP0
Isidora	Isidora	NPFSSP0
Isidra	Isidra	NPFSSP0
Isolina	Isolina	NPFSSP0
Isolí	Isolí	NPMSSP0
Isop	Isop	NPMSSP0
Isòcrates	Isòcrates	NPMSSP0
Itzíar	Itzíar	NPFSSP0
Iussuf	Iussuf	NPMSSP0
Iva	Iva	NPFSSP0
Ivona	Ivona	NPFSSP0
Ivor	Ivor	NPMSSP0
Ixena	Ixena	NPFSSP0
Jacoba	Jacoba	NPFSSP0
Jael	Jael	NPFSSP0
Jafuda	Jafuda	NPMSSP0
Jaire	Jaire	NPMSSP0
Jaiza	Jaiza	NPFSSP0
James	James	NPMSSP0
Jan	Jan	NPMSSP0
Janina	Janina	NPFSSP0
Jasmina	Jasmina	NPFSSP0
Jaspert	Jaspert	NPMSSP0
Jaufré	Jaufré	NPMSSP0
Jerònima	Jerònima	NPFSSP0
Jessè	Jessè	NPMSSP0
Jessé	Jessè	NPMSSP0
Jesuald	Jesuald	NPMSSP0
Jesualda	Jesualda	NPFSSP0
Jesucrist	Jesucrist	NPMSSP0
Jesusa	Jesusa	NPFSSP0
Jesús	Jesús	NPMSSP0
Jezabel	Jezabel	NPFSSP0
Joano	Joano	NPMSSP0
Jocasta	Jocasta	NPFSSP0
Jorge	Jorge	NPMSSP0
Jorim	Jorim	NPMSSP0
Josefina	Josefina	NPFSSP0
Josefí	Josefí	NPMSSP0
Josies	Josies	NPMSSP0
Jovina	Jovina	NPFSSP0
Jujol	Jujol	NPCNSP0
June	June	NPFSSP0
Justiniana	Justiniana	NPFSSP0
Juvència	Juvència	NPFSSP0
Jènnifer	Jènnifer	NPFSSP0
Kuomintang	Kuomintang	NPMSO00
Kàtia	Kàtia	NPFSSP0
LSC	LSC	NCFS000
LUEV	LUEV	NCFN000
Labià	Labià	NPMSSP0
Lactanci	Lactanci	NPMSSP0
Lactància	Lactància	NPFSSP0
Ladislava	Ladislava	NPFSSP0
Laertes	Laertes	NPMSSP0
Lamberta	Lamberta	NPFSSP0
Lancelí	Lancelí	NPMSSP0
Landelina	Landelina	NPFSSP0
Landolf	Landolf	NPMSSP0
Landolfa	Landolfa	NPFSSP0
Lanfranc	Lanfranc	NPMSSP0
Laocont	Laocont	NPMSSP0
Laocoont	Laocoont	NPMSSP0
Laodàmia	Laodàmia	NPFSSP0
Laudelina	Laudelina	NPFSSP0
Laudelí	Laudelí	NPMSSP0
Laureana	Laureana	NPFSSP0
Laurentina	Laurentina	NPFSSP0
Laurència	Laurència	NPFSSP0
Lauseta	Lauseta	NPCSSP0
Lavínia	Lavínia	NPFSSP0
Leandra	Leandra	NPFSSP0
Lecina	Lecina	NPFSSP0
Leda	Leda	NPFSSP0
Leocadi	Leocadi	NPMSSP0
Leodovald	Leodovald	NPMSSP0
Leonil	Leonil	NPMSSP0
Leonil·la	Leonil·la	NPFSSP0
Leonor	Leonor	NPFSSP0
Leontina	Leontina	NPFSSP0
Leopolda	Leopolda	NPFSSP0
Leovigilda	Leovigilda	NPFSSP0
Leriana	Leriana	NPFSSP0
Lerià	Lerià	NPMSSP0
Leuc	Leuc	NPMSSP0
Leuca	Leuca	NPFSSP0
Leucip	Leucip	NPMSSP0
Leviatan	Leviatan	NPMSSP0
Leviatana	Leviatana	NPFSSP0
Leviatà	Leviatà	NPMSSP0
Levina	Levina	NPFSSP0
Libard	Libard	NPMSSP0
Libarda	Libarda	NPFSSP0
Libòria	Libòria	NPFSSP0
Licomedes	Licomedes	NPMSSP0
Licurg	Licurg	NPMSSP0
Licínia	Licínia	NPFSSP0
Lida	Lida	NPFSSP0
Liduví	Liduví	NPMSSP0
Ligees	Ligees	NPMSSP0
Ligòria	Ligòria	NPFSSP0
Liliana	Liliana	NPFSSP0
Lilit	Lilit	NPFSSP0
Lilià	Lilià	NPMSSP0
Lina	Lina	NPFSSP0
Linda	Linda	NPFSSP0
Lis	Lis	NPFSSP0
Lisandra	Lisandra	NPFSSP0
Lisandre	Lisandre	NPMSSP0
Lisard	Lisard	NPMSSP0
Lisarda	Lisarda	NPFSSP0
Lisip	Lisip	NPMSSP0
Lisímac	Lisímac	NPMSSP0
Livi	Livi	NPMSSP0
Lleonarda	Lleonarda	NPFSSP0
Lliberada	Lliberada	NPFSSP0
Lliberi	Lliberi	NPMSSP0
Lliberta	Lliberta	NPFSSP0
Llibertat	Llibertat	NPFSSP0
Llibèria	Llibèria	NPFSSP0
Llibòria	Llibòria	NPFSSP0
Llidó	Llidó	NPFSSP0
Lliris	Lliris	NPFSSP0
Llivi	Llivi	NPMSSP0
Lloba	Lloba	NPFSSP0
Llombard	Llombard	NPMSSP0
Llorença	Llorença	NPFSSP0
Llucina	Llucina	NPFSSP0
Llucinda	Llucinda	NPFSSP0
Llucini	Llucini	NPMSSP0
Llucí	Llucí	NPMSSP0
Llucínia	Llucínia	NPFSSP0
Llumdivina	Llumdivina	NPFSSP0
Lot	Lot	NPMSSP0
Lucana	Lucana	NPFSSP0
Luci	Luci	NPMSSP0
Lucil·la	Lucil·la	NPFSSP0
Lucinda	Lucinda	NPFSSP0
Lucà	Lucà	NPMSSP0
Ludmila	Ludmila	NPFSSP0
Ludolf	Ludolf	NPMSSP0
Ludovica	Ludovica	NPFSSP0
Ludovina	Ludovina	NPFSSP0
Ludoví	Ludoví	NPMSSP0
Lupe	Lupe	NPFSSP0
Luperci	Luperci	NPMSSP0
Lupèrcia	Lupèrcia	NPFSSP0
Luquí	Luquí	NPMSSP0
Lutard	Lutard	NPMSSP0
Lutgard	Lutgard	NPMSSP0
Lutècia	Lutècia	NPFSSP0
Làquesis	Làquesis	NPFSSP0
Lèntul	Lèntul	NPMSSP0
Lèpid	Lèpid	NPMSSP0
Lísies	Lísies	NPMSSP0
Lívia	Lívia	NPFSSP0
MP4	MP4	NCMN000
Mabel	Mabel	NPFSSP0
Macarena	Macarena	NPFSSP0
Macareu	Macareu	NPMSSP0
Macareua	Macareua	NPFSSP0
Macareva	Macareva	NPFSSP0
Macer	Macer	NPMSSP0
Maciana	Maciana	NPFSSP0
Macris	Macris	NPFSSP0
Macària	Macària	NPFSSP0
Magalí	Magalí	NPFSSP0
Magnòlia	Magnòlia	NPFSSP0
Mahomet	Mahomet	NPMSSP0
Maia	Maia	NPFSSP0
Majenci	Majenci	NPMSSP0
Malena	Malena	NPFSSP0
Malva	Malva	NPFSSP0
Malvina	Malvina	NPFSSP0
Malví	Malví	NPMSSP0
Mamerta	Mamerta	NPFSSP0
Mamet	Mamet	NPMSSP0
Mamés	Mamés	NPMSSP0
Manald	Manald	NPMSSP0
Manaén	Manaén	NPMSSP0
Mandoni	Mandoni	NPMSSP0
Manela	Manela	NPFSSP0
Manfreda	Manfreda	NPFSSP0
Maragda	Maragda	NPFSSP0
Marcel·liana	Marcel·liana	NPFSSP0
Marci	Marci	NPMSSP0
Marcial	Marcial	NPMSSP0
Marcial·la	Marcial·la	NPFSSP0
Marcovald	Marcovald	NPMSSP0
Marga	Marga	NPFSSP0
Mariló	Mariló	NPFSSP0
Marion	Marion	NPFSSP0
Marisol	Marisol	NPFSSP0
Marlem	Marlem	NPFSSP0
Marol	Marol	NPMSSP0
Maroles	Maroles	NPFSSP0
Marsília	Marsília	NPFSSP0
Mart	Mart	NPMSG00
Martiniana	Martiniana	NPFSSP0
Martiriana	Martiriana	NPFSSP0
Masot	Masot	NPMSSP0
Mateua	Mateua	NPFSSP0
Mateva	Mateva	NPFSSP0
Matilda	Matilda	NPFSSP0
Maurícia	Maurícia	NPFSSP0
Mavi	Mavi	NPFSSP0
Max	Max	NPMSSP0
Maximiana	Maximiana	NPFSSP0
Maximiliana	Maximiliana	NPFSSP0
Maür	Maür	NPMSSP0
Maüra	Maüra	NPFSSP0
Medarda	Medarda	NPFSSP0
Mederic	Mederic	NPMSSP0
Melciora	Melciora	NPFSSP0
Melibea	Melibea	NPFSSP0
Melibeu	Melibeu	NPMSSP0
Melinda	Melinda	NPFSSP0
Melisenda	Melisenda	NPFSSP0
Melissa	Melissa	NPFSSP0
Melitona	Melitona	NPFSSP0
Mel·lina	Mel·lina	NPFSSP0
Mel·lí	Mel·lí	NPMSSP0
Mengot	Mengot	NPMSSP0
Mercuri	Mercuri	NPMSG00
Messalina	Messalina	NPFSSP0
Messalí	Messalí	NPMSSP0
Metimme	Metimme	NPFSSP0
Metòdia	Metòdia	NPFSSP0
Micaela	Micaela	NPFSSP0
Mickey	Mickey	NPMSSP0
Midoni	Midoni	NPMSSP0
Migdonius	Migdonius	NPMSSP0
Mila	Mila	NPFSSP0
Minerva	Minerva	NPFSSP0
Minervus	Minervus	NPMSSP0
Minga	Minga	NPFSSP0
Mingo	Mingo	NPMSSP0
Miraculosa	Miraculosa	NPFSSP0
Miril·la	Miril·la	NPFSSP0
Mirra	Mirra	NPFSSP0
Mirtil	Mirtil	NPMSSP0
Mirtil·la	Mirtil·la	NPFSSP0
Misericòrdia	Misericòrdia	NPFSSP0
Mitríades	Mitríades	NPMSSP0
Mohamed	Mohamed	NPMSSP0
Montiel	Montiel	NPFSSP0
Montserrada	Montserrada	NPFSSP0
Morgana	Morgana	NPFSSP0
Murta	Murta	NPFSSP0
Muça	Muça	NPFSSP0
Màrcia	Màrcia	NPFSSP0
Mèrope	Mèrope	NPFSSP0
Mònic	Mònic	NPMSSP0
Naaman	Naaman	NPMSSP0
Nadala	Nadala	NPFSSP0
Nadina	Nadina	NPFSSP0
Naila	Naila	NPFSSP0
Nasi	Nasi	NPMSSP0
Nataixa	Nataixa	NPFSSP0
Natali	Natali	NPMSSP0
Natan	Natan	NPMSSP0
Natanael	Natanael	NPMSSP0
Natatxa	Natatxa	NPFSSP0
Nati	Nati	NPFSSP0
Natxa	Natxa	NPFSSP0
Natzarena	Natzarena	NPFSSP0
Natzari	Natzari	NPMSSP0
Natzarè	Natzarè	NPMSSP0
Natzaré	Natzarè	NPMSSP0
Natzària	Natzària	NPFSSP0
Nazària	Nazària	NPFSSP0
Naüm	Naüm	NPMSSP0
Neera	Neera	NPFSSP0
Nela	Nela	NPFSSP0
Nelo	Nelo	NPMSSP0
Nemèsia	Nemèsia	NPFSSP0
Nepomucè	Nepomucè	NPMSSP0
Nepomucé	Nepomucè	NPMSSP0
Nereida	Nereida	NPFSSP0
Neró	Neró	NPMSSP0
Nestòria	Nestòria	NPFSSP0
Nevald	Nevald	NPMSSP0
Nicandra	Nicandra	NPFSSP0
Nicanora	Nicanora	NPFSSP0
Nico	Nico	NPMSSP0
Nicodema	Nicodema	NPFSSP0
Nicostrat	Nicostrat	NPMSSP0
Nicàsia	Nicàsia	NPFSSP0
Nicèfora	Nicèfora	NPFSSP0
Nicòmac	Nicòmac	NPMSSP0
Nilda	Nilda	NPFSSP0
Nina	Nina	NPFSSP0
Nohemí	Nohemí	NPFSSP0
Nora	Nora	NPFSSP0
Norberta	Norberta	NPFSSP0
Nàsia	Nàsia	NPFSSP0
Nèlida	Nèlida	NPFSSP0
Nídia	Nídia	NPFSSP0
Obduli	Obduli	NPMSSP0
Octaviana	Octaviana	NPFSSP0
Oderic	Oderic	NPMSSP0
Odil	Odil	NPMSSP0
Odilona	Odilona	NPFSSP0
Odín	Odín	NPMSSP0
Odó	Odó	NPMSSP0
Olaf	Olaf	NPMSSP0
Olaia	Olaia	NPFSSP0
Olalla	Olalla	NPFSSP0
Olau	Olau	NPMSSP0
Olava	Olava	NPFSSP0
Oleguera	Oleguera	NPFSSP0
Olf	Olf	NPMSSP0
Olfó	Olfó	NPMSSP0
Olivèria	Olivèria	NPFSSP0
Ondina	Ondina	NPFSSP0
Ondí	Ondí	NPMSSP0
Onesífor	Onesífor	NPMSSP0
Onesífora	Onesífora	NPFSSP0
Onèsima	Onèsima	NPFSSP0
Orenci	Orenci	NPMSSP0
Orença	Orença	NPFSSP0
Oreto	Oreto	NPFSSP0
Orià	Orià	NPMSSP0
Orlanda	Orlanda	NPFSSP0
Oromir	Oromir	NPMSSP0
Orència	Orència	NPFSSP0
Osiàs	Osiàs	NPMSSP0
Osori	Osori	NPMSSP0
Osvalda	Osvalda	NPFSSP0
Otili	Otili	NPMSSP0
Otoniel	Otoniel	NPMSSP0
Ovídia	Ovídia	NPFSSP0
Paca	Paca	NPFSSP0
Paciana	Paciana	NPFSSP0
Paciència	Paciència	NPFSSP0
Pacòmia	Pacòmia	NPFSSP0
Pal·ladina	Pal·ladina	NPFSSP0
Pal·ladí	Pal·ladí	NPMSSP0
Pal·làdia	Pal·làdia	NPFSSP0
Pancraci	Pancraci	NPMSSP0
Pancràcia	Pancràcia	NPFSSP0
Pandolf	Pandolf	NPMSSP0
Pandolfa	Pandolfa	NPFSSP0
Pandora	Pandora	NPFSSP0
Pantídia	Pantídia	NPFSSP0
Paqui	Paqui	NPFSSP0
Paraclet	Paraclet	NPMSSP0
Parmènia	Parmènia	NPFSSP0
Paràclit	Paràclit	NPMSSP0
Pascàsia	Pascàsia	NPFSSP0
Pastora	Pastora	NPFSSP0
Patrocle	Patrocle	NPMSSP0
Pelaia	Pelaia	NPFSSP0
Pentesilea	Pentesilea	NPFSSP0
Pepa	Pepa	NPFSSP0
Percival	Percival	NPMSSP0
Perenxisa	Perenxisa	NPFSSP0
Perica	Perica	NPFSSP0
Perla	Perla	NPFSSP0
Petronil	Petronil	NPMSSP0
Petronil·la	Petronil·la	NPFSSP0
Petrònia	Petrònia	NPFSSP0
Pietat	Pietat	NPFSSP0
Pili	Pili	NPFSSP0
Pirra	Pirra	NPFSSP0
Pirro	Pirro	NPMSSP0
Pisístrat	Pisístrat	NPMSSP0
Plutó	Plutó	NPMSSP0
Plàcida	Plàcida	NPFSSP0
Poldo	Poldo	NPMSSP0
Polibi	Polibi	NPMSSP0
Policarpa	Policarpa	NPFSSP0
Policena	Policena	NPFSSP0
Polidora	Polidora	NPFSSP0
Ponciana	Ponciana	NPFSSP0
Ponçana	Ponçana	NPFSSP0
Popea	Popea	NPFSSP0
Poquet	Poquet	NPMSSP0
Porci	Porci	NPMSSP0
Porcària	Porcària	NPFSSP0
Porfíria	Porfíria	NPFSSP0
Prima	Prima	NPFSSP0
Prisc	Prisc	NPMSSP0
Procmes	Procmes	NPMSSP0
Prosèrpina	Prosèrpina	NPFSSP0
Proteu	Proteu	NPMSSP0
Protàsia	Protàsia	NPFSSP0
Providència	Providència	NPFSSP0
Prudencià	Prudencià	NPMSSP0
Pràxedis	Pràxedis	NPCSSP0
Pròcula	Pròcula	NPFSSP0
Pròspera	Pròspera	NPFSSP0
Pura	Pura	NPFSSP0
Puresa	Puresa	NPFSSP0
Puríssim	Puríssim	NPMSSP0
Puríssima	Puríssima	NPFSSP0
Pàmfila	Pàmfila	NPFSSP0
Pàrmenes	Pàrmenes	NPMSSP0
Pàtrocle	Pàtrocle	NPMSSP0
Píram	Píram	NPMSSP0
Querubina	Querubina	NPFSSP0
Querubí	Querubí	NPMSSP0
Quica	Quica	NPFSSP0
Quico	Quico	NPMSSP0
Quiliana	Quiliana	NPFSSP0
Quima	Quima	NPFSSP0
Quintili	Quintili	NPMSSP0
Quintiliana	Quintiliana	NPFSSP0
Quintina	Quintina	NPFSSP0
Quirca	Quirca	NPFSSP0
Quirina	Quirina	NPFSSP0
Quiríac	Quiríac	NPMSSP0
Quiríaca	Quiríaca	NPFSSP0
Quiteri	Quiteri	NPMSSP0
Ra	Ra	NPMSSP0
Radamès	Radamès	NPMSSP0
Radamés	Radamès	NPMSSP0
Raimona	Raimona	NPFSSP0
Raimunda	Raimunda	NPFSSP0
Raineri	Raineri	NPMSSP0
Rais	Rais	NPMSSP0
Raisa	Raisa	NPFSSP0
Ramira	Ramira	NPFSSP0
Randolf	Randolf	NPMSSP0
Randolfa	Randolfa	NPFSSP0
Recared	Recared	NPMSSP0
Recareda	Recareda	NPFSSP0
Redempció	Redempció	NPFSSP0
Redempt	Redempt	NPMSSP0
Redempta	Redempta	NPFSSP0
Reginald	Reginald	NPMSSP0
Reginalda	Reginalda	NPFSSP0
Reinald	Reinald	NPMSSP0
Reinalda	Reinalda	NPFSSP0
Rembert	Rembert	NPMSSP0
Remberta	Remberta	NPFSSP0
Remus	Remus	NPMSSP0
Remígia	Remígia	NPFSSP0
Renada	Renada	NPFSSP0
Renard	Renard	NPMSSP0
Renarda	Renarda	NPFSSP0
Renovard	Renovard	NPMSSP0
Resurrecció	Resurrecció	NPFSSP0
Ricomana	Ricomana	NPFSSP0
Rigald	Rigald	NPMSSP0
Rigalda	Rigalda	NPFSSP0
Rigoberta	Rigoberta	NPFSSP0
Rimbald	Rimbald	NPMSSP0
Roberta	Roberta	NPFSSP0
Robertina	Robertina	NPFSSP0
Robertí	Robertí	NPMSSP0
Roderica	Roderica	NPFSSP0
Rodolfa	Rodolfa	NPFSSP0
Rogeli	Rogeli	NPMSSP0
Rogèlia	Rogèlia	NPFSSP0
Romana	Romana	NPFSSP0
Romea	Romea	NPCSO00
Romea	Romea	NPFSSP0
Romer	Romer	NPCSSP0
Romina	Romina	NPFSSP0
Romualda	Romualda	NPFSSP0
Ronald	Ronald	NPMSSP0
Ronalda	Ronalda	NPFSSP0
Rosalba	Rosalba	NPFSSP0
Rosalina	Rosalina	NPFSSP0
Rossenda	Rossenda	NPFSSP0
Roxana	Roxana	NPFSSP0
Rubau	Rubau	NPMSSP0
Ruperta	Ruperta	NPFSSP0
Rutília	Rutília	NPFSSP0
Règula	Règula	NPFSSP0
Rèmul	Rèmul	NPMSSP0
SA	SA	NCFN000
SL	SL	NCFN000
Sabiniana	Sabiniana	NPFSSP0
Sadurnina	Sadurnina	NPFSSP0
Safira	Safira	NPFSSP0
Saladina	Saladina	NPFSSP0
Saladí	Saladí	NPMSSP0
Salvadora	Salvadora	NPFSSP0
Sal·lus	Sal·lus	NPMSSP0
Sal·lustiana	Sal·lustiana	NPFSSP0
Sal·lústia	Sal·lústia	NPFSSP0
Sam	Sam	NPMSSP0
Samanta	Samanta	NPFSSP0
Sanctina	Sanctina	NPFSSP0
Sanctí	Sanctí	NPMSSP0
Sandali	Sandali	NPMSSP0
Sandra	Sandra	NPFSSP0
Sandre	Sandre	NPMSSP0
Sandàlia	Sandàlia	NPFSSP0
Santiaga	Santiaga	NPFSSP0
Sanxa	Sanxa	NPFSSP0
Sarai	Sarai	NPFSSP0
Saturn	Saturn	NPMSG00
Saturnina	Saturnina	NPFSSP0
Saturní	Saturní	NPMSSP0
Satúria	Satúria	NPFSSP0
Saule	Saule	NPMSSP0
Saïd	Saïd	NPMSSP0
Segimona	Segimona	NPFSSP0
Selena	Selena	NPFSSP0
Selene	Selene	NPFSSP0
Sem	Sem	NPMSSP0
Semprònia	Semprònia	NPFSSP0
Semíramis	Semíramis	NPFSSP0
Serapiona	Serapiona	NPFSSP0
Serapió	Serapió	NPMSSP0
Servaci	Servaci	NPMSSP0
Servanda	Servanda	NPFSSP0
Servàcia	Servàcia	NPFSSP0
Severina	Severina	NPFSSP0
Sibília	Sibília	NPFSSP0
Sigfrida	Sigfrida	NPFSSP0
Silvana	Silvana	NPFSSP0
Silvina	Silvina	NPFSSP0
Silvèria	Silvèria	NPFSSP0
Silví	Silví	NPMSSP0
Sil·la	Sil·la	NPMSSP0
Simeona	Simeona	NPFSSP0
Simforós	Simforós	NPMSSP0
Simfroni	Simfroni	NPMSSP0
Simplícia	Simplícia	NPFSSP0
Sixta	Sixta	NPFSSP0
Sixte	Sixte	NPMSSP0
Sofratge	Sofratge	NPFSSP0
Sofrònia	Sofrònia	NPFSSP0
Solimà	Solimà	NPMSSP0
Sonsoles	Sonsoles	NPFSSP0
Soraia	Soraia	NPFSSP0
Suetoni	Suetoni	NPMSSP0
Sulema	Sulema	NPFSSP0
Sulpícia	Sulpícia	NPFSSP0
Sul·la	Sul·la	NPMSSP0
Suso	Suso	NPMSSP0
Sàlvia	Sàlvia	NPFSSP0
Sèfora	Sèfora	NPFSSP0
Sèneca	Sèneca	NPMSSP0
Sèrvia	Sèrvia	NPFSSP0
Sòstenes	Sòstenes	NPMSSP0
Taci	Taci	NPMSSP0
Tadea	Tadea	NPFSSP0
Tais	Tais	NPFSSP0
Talia	Talia	NPFSSP0
Tamar	Tamar	NPCSG00
Tamar	Tamar	NPFSSP0
Tamara	Tamara	NPFSSP0
Tancreda	Tancreda	NPFSSP0
Tano	Tano	NPMSSP0
Tarec	Tarec	NPMSSP0
Taric	Taric	NPMSSP0
Tarsícia	Tarsícia	NPFSSP0
Tasi	Tasi	NPMSSP0
Taís	Taís	NPFSSP0
Telesfora	Telesfora	NPFSSP0
Telma	Telma	NPFSSP0
Teo	Teo	NPMSSP0
Teobalda	Teobalda	NPFSSP0
Teodat	Teodat	NPMSSP0
Teodata	Teodata	NPFSSP0
Teodobald	Teodobald	NPMSSP0
Teodobalda	Teodobalda	NPFSSP0
Teodomira	Teodomira	NPFSSP0
Teodorica	Teodorica	NPFSSP0
Teodota	Teodota	NPFSSP0
Teofrast	Teofrast	NPMSSP0
Tere	Tere	NPFSSP0
Tertuliana	Tertuliana	NPFSSP0
Tertulià	Tertulià	NPMSSP0
Tertul·liana	Tertul·liana	NPFSSP0
Tetis	Tetis	NPFSSP0
Teòcrit	Teòcrit	NPMSSP0
Teòfor	Teòfor	NPMSSP0
Teòfora	Teòfora	NPFSSP0
Thais	Thais	NPFSSP0
Thaís	Thaís	NPFSSP0
Tibau	Tibau	NPMSSP0
Tiberià	Tiberià	NPMSSP0
Tibèria	Tibèria	NPFSSP0
Tibúrcia	Tibúrcia	NPFSSP0
Ticiana	Ticiana	NPFSSP0
Timeu	Timeu	NPMSSP0
Timeua	Timeua	NPFSSP0
Timeva	Timeva	NPFSSP0
Timotea	Timotea	NPFSSP0
Timó	Timó	NPMSSP0
Tina	Tina	NPFSSP0
Tino	Tino	NPMSSP0
Tirant	Tirant	NPMSSP0
Tirèsies	Tirèsies	NPMSSP0
Tisbe	Tisbe	NPFSSP0
Tit	Tit	NPMSSP0
Todolina	Todolina	NPFSSP0
Toia	Toia	NPFSSP0
Tomasa	Tomasa	NPFSSP0
Tomeu	Tomeu	NPMSSP0
Tomeua	Tomeua	NPFSSP0
Tomeva	Tomeva	NPFSSP0
Tono	Tono	NPMSSP0
Torquata	Torquata	NPFSSP0
Toríbia	Toríbia	NPFSSP0
Trabald	Trabald	NPMSSP0
Trajà	Trajà	NPMSSP0
Tremedal	Tremedal	NPFSSP0
Tristanya	Tristanya	NPFSSP0
Triu	Triu	NPFSSP0
Tròfima	Tròfima	NPFSSP0
Tròiol	Tròiol	NPMSSP0
Tubal	Tubal	NPMSSP0
Tubau	Tubau	NPMSSP0
Tàcia	Tàcia	NPFSSP0
Tàcit	Tàcit	NPMSSP0
Tàntal	Tàntal	NPMSSP0
Tàsia	Tàsia	NPFSSP0
Túl·lia	Túl·lia	NPFSSP0
Ubach	Ubach	NPCNSP0
Ubaldesca	Ubaldesca	NPFSSP0
Ubaldina	Ubaldina	NPFSSP0
Ubertina	Ubertina	NPFSSP0
Ubertí	Ubertí	NPMSSP0
Ulpiana	Ulpiana	NPFSSP0
Ulrica	Ulrica	NPFSSP0
Umberta	Umberta	NPFSSP0
Umbertina	Umbertina	NPFSSP0
Umbertí	Umbertí	NPMSSP0
Urbana	Urbana	NPFSSP0
Uries	Uries	NPMSSP0
Ursina	Ursina	NPFSSP0
Ursulina	Ursulina	NPFSSP0
Ursulí	Ursulí	NPMSSP0
Valdesca	Valdesca	NPFSSP0
Valenç	Valenç	NPMSSP0
Valeriana	Valeriana	NPFSSP0
Vallivana	Vallivana	NPFSSP0
Vallvanera	Vallvanera	NPFSSP0
Vamba	Vamba	NPMSSP0
Vanda	Vanda	NPCSSP0
Vanessa	Vanessa	NPFSSP0
Varínia	Varínia	NPFSSP0
Vedast	Vedast	NPMSSP0
Venceslava	Venceslava	NPFSSP0
Venància	Venància	NPFSSP0
Verard	Verard	NPMSSP0
Verarda	Verarda	NPFSSP0
Vespasiana	Vespasiana	NPFSSP0
Vicença	Vicença	NPFSSP0
Victoriana	Victoriana	NPFSSP0
Victorina	Victorina	NPFSSP0
Vinici	Vinici	NPMSSP0
Virgini	Virgini	NPMSSP0
Virgília	Virgília	NPFSSP0
Viriat	Viriat	NPMSSP0
Viridiana	Viridiana	NPFSSP0
Viridià	Viridià	NPMSSP0
Vitali	Vitali	NPMSSP0
Vitalina	Vitalina	NPFSSP0
Vitalí	Vitalí	NPMSSP0
Vitel·li	Vitel·li	NPMSSP0
Vitiza	Vitiza	NPMSSP0
Vitus	Vitus	NPMSSP0
Vitàlia	Vitàlia	NPFSSP0
Vitèl·lia	Vitèl·lia	NPFSSP0
Viviana	Viviana	NPFSSP0
Vivià	Vivià	NPMSSP0
Vladímir	Vladímir	NPMSG00
Vladímir	Vladímir	NPMSSP0
Voro	Voro	NPMSSP0
Vàlter	Vàlter	NPMSSP0
Vània	Vània	NPFSSP0
Wald	Wald	NPMSSP0
Walda	Walda	NPFSSP0
Wamba	Wamba	NPMSSP0
Wanda	Wanda	NPCSSP0
Wenceslava	Wenceslava	NPFSSP0
Wilfred	Wilfred	NPMSSP0
Wilfreda	Wilfreda	NPFSSP0
Witiza	Witiza	NPMSSP0
Wílson	Wílson	NPMSSP0
Xantal	Xantal	NPFSSP0
Xaviera	Xaviera	NPFSSP0
Xeila	Xeila	NPFSSP0
Xelo	Xelo	NPCSSP0
Xenòfanes	Xenòfanes	NPMSSP0
Xima	Xima	NPFSSP0
Ximena	Ximena	NPFSSP0
Ximeno	Ximeno	NPMSSP0
Ximèn	Ximèn	NPMSSP0
Ximén	Ximèn	NPMSSP0
Xènia	Xènia	NPFSSP0
Xènius	Xènius	NPMSSP0
Zagreu	Zagreu	NPMSSP0
Zaida	Zaida	NPFSSP0
Zaïra	Zaïra	NPFSSP0
Zebedeu	Zebedeu	NPMSSP0
Zeferina	Zeferina	NPFSSP0
Zenaida	Zenaida	NPFSSP0
Zenes	Zenes	NPMSSP0
Zenit	Zenit	NPMSSP0
Zenobita	Zenobita	NPMSSP0
Zenon	Zenon	NPMSSP0
Zoil	Zoil	NPMSSP0
Zoila	Zoila	NPFSSP0
Zoraida	Zoraida	NPFSSP0
Zorobabel	Zorobabel	NPMSSP0
Zoè	Zoè	NPCSSP0
Zoé	Zoè	NPCSSP0
Zulema	Zulema	NPFSSP0
acroesport	acroesport	NCMS000
cosmocèntric	cosmocèntric	AQ0MS0
cosmocèntrica	cosmocèntric	AQ0FS0
cosmocèntrics	cosmocèntric	AQ0MP0
cosmocèntriques	cosmocèntric	AQ0FP0
criptològic	criptològic	AQ0MS0
criptològica	criptològic	AQ0FS0
criptològics	criptològic	AQ0MP0
criptològiques	criptològic	AQ0FP0
desfosforilacions	desfosforilació	NCFP000
desfosforilació	desfosforilació	NCFS000
etnocentrista	etnocentrista	AQ0CS0
etnocentristes	etnocentrista	AQ0CP0
inexpressivitat	inexpressivitat	NCFS000
inexpressivitats	inexpressivitat	NCFP000
kanji	kanji	NCMS000
kanjis	kanji	NCMP000
limitant	limitant	AQ0CS0
limitants	limitant	AQ0CP0
linogravat	linogravat	NCMS000
linogravats	linogravat	NCMP000
logogràfic	logogràfic	AQ0MS0
logogràfica	logogràfic	AQ0FS0
logogràfics	logogràfic	AQ0MP0
logogràfiques	logogràfic	AQ0FP0
paleoclimàtic	paleoclimàtic	AQ0MS0
paleoclimàtica	paleoclimàtic	AQ0FS0
paleoclimàtics	paleoclimàtic	AQ0MP0
paleoclimàtiques	paleoclimàtic	AQ0FP0
paremiografia	paremiografia	NCFS000
paremiografies	paremiografia	NCFP000
sensorialitat	sensorialitat	NCFS000
sensorialitats	sensorialitat	NCFP000
trobairitz	trobairitz	NCFN000
xinesocentrisme	xinesocentrisme	NCMS000
xinesocentrista	xinesocentrista	AQ0CS0
xinesocentristes	xinesocentrista	AQ0CP0
xinesocèntric	xinesocèntric	AQ0MS0
xinesocèntrica	xinesocèntric	AQ0FS0
xinesocèntrics	xinesocèntric	AQ0MP0
xinesocèntriques	xinesocèntric	AQ0FP0
Àgata	Àgata	NPFSSP0
Àlan	Àlan	NPMSSP0
Àlana	Àlana	NPFSSP0
Àlida	Àlida	NPFSSP0
Àlvara	Àlvara	NPFSSP0
Àpia	Àpia	NPFSSP0
Ària	Ària	NPFSSP0
Àstrid	Àstrid	NPFSSP0
Àurea	Àurea	NPFSSP0
Ècuba	Ècuba	NPFSSP0
Èdgar	Èdgar	NPMSSP0
Èdgarda	Èdgarda	NPFSSP0
Ènyec	Ènyec	NPMSSP0
Èol	Èol	NPMSSP0
Èrica	Èrica	NPFSSP0
Ényec	Ényec	NPMSSP0
Íker	Íker	NPMSSP0
Íquer	Íquer	NPMSSP0
Íria	Íria	NPFSSP0
